Name,Username,Email,Phone_number,Date_of_birth,Address
miss melany wijngaard,bigpeacock217,melany.wijngaard@example.com,(727)-033-9347,608022796,2431 predikherenkerkhof staphorst gelderland 64265
ms nanna pedersen,purpleduck599,nanna.pedersen@example.com,43672992,591428535,2177 fåborgvej aarhus syddanmark 87547
madame amelia mercier,whitefrog218,amelia.mercier@example.com,(168)-747-5950,1132298571,7454 rue duquesne echandens-denges vaud 3811
ms sarah oliver,purplebear893,sarah.oliver@example.com,0761-814-654,1038915780,3503 manor road manchester highlands and islands I30 5ZF
mrs عسل مرادی,ticklishfish813,عسل.مرادی@example.com,0925-326-2063,417058382,4981 شهید بهشتی پاکدشت مرکزی 68555
mr özkan tekelioğlu,organiccat298,özkan.tekelioğlu@example.com,(074)-376-7384,616226885,2260 anafartalar cd afyonkarahisar amasya 31532
mrs angela newman,smallgorilla567,angela.newman@example.com,081-718-3989,479824115,3159 west street celbridge colorado 82776
ms buse dağdaş,crazypeacock394,buse.dağdaş@example.com,(855)-841-4810,1316736697,6428 anafartalar cd malatya mardin 28227
miss judith schmitz,smallcat785,judith.schmitz@example.com,0171-7824648,1348121292,8227 römerstraße mittweida berlin 34006
mr hector guerrero,lazyleopard999,hector.guerrero@example.com,696-963-949,1040720948,5140 calle nebrija alcobendas navarra 56387
mr carsta rocha,redfish833,carsta.rocha@example.com,(60) 1416-4953,296641611,2609 rua rio de janeiro  arapongas amapá 91540
mrs irene morales,goldenfish109,irene.morales@example.com,625-790-958,513983644,4096 calle del arenal lorca castilla y león 40542
mademoiselle laly da silva,bluebird274,laly.dasilva@example.com,(082)-419-9335,1123776172,5396 rue duquesne villars-le-terroir ticino 9152
mr benjamin patel,beautifulbear427,benjamin.patel@example.com,(788)-424-7144,929834606,3675 tennyson street masterton manawatu-wanganui 81684
mr noah poulsen,purplesnake503,noah.poulsen@example.com,53705244,1314124015,7998 oddenvej nr åby syddanmark 73617
mr jeffrey myers,greenswan192,jeffrey.myers@example.com,(449)-485-5688,567993820,8239 pockrus page rd tulsa colorado 47392
mrs noélie roux,blueelephant373,noélie.roux@example.com,06-68-19-42-68,669873438,6224 rue barrème paris ain 89564
mr jake brown,brownbear342,jake.brown@example.com,(427)-211-8595,341267763,9499 lake road nelson otago 90556
mrs abigail hamilton,smallswan192,abigail.hamilton@example.com,081-273-7886,870815573,4622 green lane swords idaho 77531
mr abssilão rodrigues,smallleopard973,abssilão.rodrigues@example.com,(12) 1563-0822,12543906,2358 rua são luiz  pinhais amapá 62771
ms sofia sales,redlion952,sofia.sales@example.com,(69) 6275-4624,841700488,3688 rua joão xxiii catanduva piauí 26830
mr jeremy weiss,blackbird279,jeremy.weiss@example.com,0172-9704083,1097265312,3704 ringstraße lüchow-dannenberg bremen 10531
mr joan vega,lazypanda981,joan.vega@example.com,603-901-577,1056841988,7526 calle de la democracia torrejón de ardoz navarra 93823
mr phillip torres,ticklishtiger122,phillip.torres@example.com,(323)-188-2019,401173794,5990 hillcrest rd toledo louisiana 92625
miss dora barnes,purplebird909,dora.barnes@example.com,0410-268-463,891949738,4899 brown terrace devonport queensland 2861
mrs julie cole,browngoose690,julie.cole@example.com,0790-578-725,734058466,7742 king street stoke-on-trent isle of wight DC00 3ZH
mrs florence newman,greendog405,florence.newman@example.com,081-451-6846,823456158,9334 mill lane tuam north dakota 54186
ms پرنیا جعفری,heavyladybug712,پرنیا.جعفری@example.com,0901-034-5061,160836346,4435 شهید ثانی قزوین سمنان 39241
monsieur noah bonnet,ticklishswan854,noah.bonnet@example.com,(653)-097-7179,701474999,7191 rue de l'abbé-migne epesses graubünden 6732
mr eemil neva,beautifuldog542,eemil.neva@example.com,041-819-96-18,472496396,2379 mechelininkatu juupajoki päijät-häme 33797
mr leo honkala,brownmeercat250,leo.honkala@example.com,045-040-65-62,87426677,1186 pispalan valtatie närpes northern ostrobothnia 83201
mrs سارینا کوتی,yellowpeacock139,سارینا.کوتی@example.com,0997-267-1133,1077518239,5273 سمیه بیرجند تهران 99854
mr roberto delgado,bigostrich113,roberto.delgado@example.com,661-893-159,1270737155,9846 calle de la democracia mérida extremadura 67772
madame enora aubert,lazypeacock446,enora.aubert@example.com,(964)-085-6735,900427237,9419 rue du bât-d'argent syens appenzell innerrhoden 4241
monsieur william david,orangepanda797,william.david@example.com,(494)-541-3062,498456350,1507 rue abel-ferry aclens schaffhausen 4583
mr isaltino rocha,blackbear100,isaltino.rocha@example.com,(36) 0570-2025,426000120,8322 rua santa luzia  marília tocantins 21342
miss lara metzger,organiclion990,lara.metzger@example.com,0178-3288824,416553041,8012 schlossstraße hannover bayern 83703
miss naja larsen,bluefish638,naja.larsen@example.com,47342413,685240705,8463 hobrovej stokkemarke midtjylland 78729
miss giselle monteiro,blackgorilla346,giselle.monteiro@example.com,(71) 5848-8742,1302716933,5474 rua piauí  americana rio grande do norte 52659
mr ben perry,smallfrog806,ben.perry@example.com,(412)-745-4263,189063593,5778 lakeshore rd west jordan ohio 65378
mr oscar christiansen,smalldog404,oscar.christiansen@example.com,38396305,1335200641,9176 glentevej ﻿aaborg øst syddanmark 13286
ms ariana thompson,brownostrich745,ariana.thompson@example.com,(403)-255-8521,508616445,2962 esmonde road christchurch northland 90291
miss jeanne nelson,crazyladybug545,jeanne.nelson@example.com,0418-190-097,591250973,1002 parker rd geelong northern territory 3162
mrs delphine taylor,purplepanda581,delphine.taylor@example.com,602-884-3078,1193621288,1426 charles st chesterville british columbia 86380
mr harold simpson,purplegoose229,harold.simpson@example.com,0707-006-496,263846857,4184 grange road wells hampshire TF60 9PQ
ms sofie sørensen,heavymeercat516,sofie.sørensen@example.com,75873392,551033950,5116 jagtvej frederiksberg hovedstaden 72840
mr aurélien leroy,greencat660,aurélien.leroy@example.com,06-17-90-10-30,325313009,7032 rue louis-garrand asnières-sur-seine vienne 80803
mr mathias nielsen,beautifulbutterfly247,mathias.nielsen@example.com,10676217,609178245,6304 spættevej århus c. hovedstaden 21472
ms alexandra henry,greengorilla457,alexandra.henry@example.com,081-381-7401,81628425,8186 galway road nenagh washington 69954
ms nívia cardoso,organicleopard979,nívia.cardoso@example.com,(14) 9768-6550,69649846,7199 rua piauí  gravataí mato grosso 57670
mr nonato pires,redrabbit322,nonato.pires@example.com,(62) 3725-1840,488254407,1697 rua tiradentes  são paulo roraima 41957
mr ahmet akyüz,blackladybug343,ahmet.akyüz@example.com,(078)-562-3269,571808203,8072 abanoz sk malatya bolu 67643
mr lucas harris,tinyduck137,lucas.harris@example.com,405-581-1720,1386280410,4423 west ave winfield prince edward island 29115
ms signe olsen,heavypeacock986,signe.olsen@example.com,19695354,53398679,2056 hulvejen sundby danmark 71252
madame claire garcia,redelephant795,claire.garcia@example.com,(358)-286-2903,513865716,5695 avenue debourg bournens schaffhausen 1210
mr marcos soto,heavygoose114,marcos.soto@example.com,685-327-108,867726469,9443 avenida del planetario alcobendas canarias 58149
mr eduardo van de woestijne,whiteelephant609,eduardo.vande woestijne@example.com,(509)-465-1330,654190065,4979 houtensepad baarle-nassau noord-holland 89593
mr leevi wiitala,bluegorilla445,leevi.wiitala@example.com,042-873-60-73,265135376,4578 hermiankatu merijärvi central ostrobothnia 96652
mr rinesh tielen,organicduck267,rinesh.tielen@example.com,(017)-009-0789,444995867,2259 kintgenshaven kerkrade zeeland 73367
mr wyatt rhodes,lazyrabbit702,wyatt.rhodes@example.com,0764-930-829,1239689756,7254 mill lane birmingham cleveland V91 5DL
mr alfred nielsen,crazydog340,alfred.nielsen@example.com,13271213,656385992,7542 græsvangen saltum danmark 81868
monsieur fabio dupont,purplebear824,fabio.dupont@example.com,(503)-255-0533,1138394877,6321 avenue debourg denens neuchâtel 9926
mr شایان حسینی,heavybird362,شایان.حسینی@example.com,0946-021-2412,728429297,2818 میدان انقلاب ساوه لرستان 61418
mrs melinda hughes,blacktiger991,melinda.hughes@example.com,0458-640-664,317071461,6816 valwood pkwy warrnambool south australia 1300
miss maureen ramos,purplepeacock730,maureen.ramos@example.com,0486-809-748,697348911,4236 adams st coffs harbour tasmania 9392
mrs alyssa andre,bigtiger239,alyssa.andre@example.com,06-61-26-48-78,14471564,4392 place du 22 novembre 1943 mulhouse lozère 33786
mrs greta van limpt,smallduck854,greta.vanlimpt@example.com,(332)-879-4592,6714468,4062 wijde begijnestraat culemborg flevoland 73952
mrs serena moraes,orangemeercat416,serena.moraes@example.com,(13) 4903-3154,1194422529,1725 rua vinte e dois  volta redonda rio grande do norte 16680
mrs summer wood,purpleleopard272,summer.wood@example.com,(631)-847-8482,541808639,8538 fitzherbert avenue palmerston north bay of plenty 24035
mr dylan soto,crazyladybug652,dylan.soto@example.com,0460-413-927,1135516409,207 crockett st maitland tasmania 3720
mr valtteri mikkola,crazymeercat569,valtteri.mikkola@example.com,043-242-17-73,909088549,3014 satakennankatu asikkala tavastia proper 81421
mr noah smith,biggorilla322,noah.smith@example.com,314-264-1915,546423933,8380 st. lawrence ave inverness nova scotia 24765
ms naomi white,heavygoose821,naomi.white@example.com,0411-714-063,464622833,1271 mockingbird ln kalgoorlie new south wales 6382
ms johanne christiansen,beautifulgorilla878,johanne.christiansen@example.com,51301720,245637395,8322 margrethevej ugerløse sjælland 40435
ms dawn neal,purplecat469,dawn.neal@example.com,(562)-488-7757,1334577493,6014 prospect rd berkeley louisiana 85457
mr soren guillaume,orangefish828,soren.guillaume@example.com,06-57-69-13-70,250107085,7277 rue de l'abbé-de-l'épée nice sarthe 83089
miss laurie bouchard,brownduck797,laurie.bouchard@example.com,697-407-8294,284226511,8713 lake of bays road elgin ontario 17037
mrs solène lemaire,heavyladybug601,solène.lemaire@example.com,06-41-57-50-80,756942823,8259 rue paul-duvivier metz vendée 96673
mr ane van kessel,purpleleopard290,ane.vankessel@example.com,(575)-275-2642,1028652332,9855 vondellaan uden utrecht 70325
mr liam walters,biglion964,liam.walters@example.com,0438-376-652,826530877,9156 dogwood ave devonport australian capital territory 7374
ms siiri ojala,whitebutterfly256,siiri.ojala@example.com,045-354-12-27,912900599,4411 hatanpään valtatie pihtipudas south karelia 60946
mr natércio castro,purplewolf989,natércio.castro@example.com,(24) 9586-4164,175528223,2970 rua vinte e dois  olinda sergipe 18053
mr bernard wilson,smallduck339,bernard.wilson@example.com,0727-970-211,504704897,9455 the drive preston cumbria A6N 9GS
ms kayla hall,beautifulkoala361,kayla.hall@example.com,(932)-142-5202,450297969,1935 aldwins road whangarei gisborne 22546
mr enzo sanchez,beautifulcat134,enzo.sanchez@example.com,06-97-94-63-87,559308366,2650 rue de l'abbé-patureau nîmes jura 52182
mr arnaud lo,goldenwolf287,arnaud.lo@example.com,905-307-4254,831874866,8252 20th ave maitland new brunswick 16088
mr joaquin hidalgo,bigcat536,joaquin.hidalgo@example.com,614-654-138,1381390352,7830 calle de ángel garcía mérida comunidad valenciana 88025
mr arnold gardner,yellowwolf551,arnold.gardner@example.com,0413-155-625,583066884,5380 cackson st australian capital territory tasmania 1135
mr adam porter,beautifulduck156,adam.porter@example.com,0419-934-681,1080342831,2610 nowlin rd australian capital territory new south wales 5446
miss consuelo arias,organictiger721,consuelo.arias@example.com,681-462-456,379320371,4394 calle de tetuán torrejón de ardoz comunidad valenciana 19092
mademoiselle sandra lucas,whitecat630,sandra.lucas@example.com,(937)-800-4403,1186324487,7780 rue du bon-pasteur cugy vd obwalden 4326
ms isabel jackson,blacksnake288,isabel.jackson@example.com,(570)-687-7371,1276278001,5749 main street west gisborne hawke's bay 48884
mr marcus andersen,blackduck663,marcus.andersen@example.com,88776448,23357273,5395 hovedvejen vesterborg midtjylland 63139
monsieur noah dupont,redbear614,noah.dupont@example.com,(280)-900-0140,857793035,1372 rue de bonnel vucherens zürich 5466
mr arlo jackson,lazyleopard736,arlo.jackson@example.com,(272)-347-0860,73367467,5993 market street timaru waikato 91749
ms ashley tucker,organicfrog467,ashley.tucker@example.com,081-346-8038,206529207,3693 west street listowel nevada 62963
mrs julienne lelieveld,purpletiger354,julienne.lelieveld@example.com,(014)-370-6505,1132208385,4777 hoefsmederijpad leeuwarden zuid-holland 27303
mr sammy gregory,tinysnake876,sammy.gregory@example.com,081-513-7721,461809657,4919 dublin road castlebar south dakota 96644
mr çetin oraloğlu,crazysnake370,çetin.oraloğlu@example.com,(946)-987-9632,79976776,3559 vatan cd bartın bayburt 91448
mrs jalisa köhler,greenelephant861,jalisa.köhler@example.com,(462)-622-9092,1052886108,1555 maliebaan leiden limburg 61896
mademoiselle rachel lambert,organicgorilla260,rachel.lambert@example.com,(850)-005-6759,265000291,6686 rue des chartreux bussy-chardonney schaffhausen 6935
mr necati nalbantoğlu,yellowduck640,necati.nalbantoğlu@example.com,(566)-322-5199,1431069936,5253 istiklal cd şırnak samsun 88399
ms emily wright,whiteostrich733,emily.wright@example.com,(425)-585-7582,1301992494,7064 mt wellington highway palmerston north waikato 12077
monsieur romain noel,goldenpanda940,romain.noel@example.com,(479)-467-1253,759959900,3524 rue dumenge servion thurgau 7239
ms tammy hayes,brownrabbit758,tammy.hayes@example.com,081-647-6483,1178643060,2510 the grove athlone rhode island 47861
ms alani gonçalves,beautifulladybug889,alani.gonçalves@example.com,(71) 6433-4022,457391933,1868 rua são joão  juazeiro são paulo 85935
mr todd beck,bigelephant503,todd.beck@example.com,0768-374-878,216450355,7846 chester road wakefield shropshire U43 3QT
madame pauline perez,tinyfish934,pauline.perez@example.com,(189)-609-2928,917729650,1493 rue de bonnel aclens valais 8175
miss alisa niva,goldenbutterfly198,alisa.niva@example.com,048-525-99-88,1230854738,4903 esplanadi hämeenkyrö ostrobothnia 12260
mr نيما جعفری,beautifullion345,نيما.جعفری@example.com,0912-030-9784,532295794,7577 میدان 7 تیر همدان اردبیل 57685
mr jimmie simmons,silverelephant404,jimmie.simmons@example.com,0702-239-646,691663054,1790 the grove bangor isle of wight D0 5PJ
mr ross nichols,orangelion300,ross.nichols@example.com,081-438-6677,1110975010,6669 south street kilcock oklahoma 75336
mr clinton bennett,bigelephant798,clinton.bennett@example.com,0412-466-504,952387474,601 wycliff ave launceston queensland 2912
miss helena wirth,heavybutterfly840,helena.wirth@example.com,0173-4867633,1060118652,9562 eichenweg traunstein rheinland-pfalz 12847
miss nerea mendez,tinybird877,nerea.mendez@example.com,600-927-322,275245760,1759 calle de pedro bosch guadalajara país vasco 18953
mr valdemar nielsen,bluegorilla239,valdemar.nielsen@example.com,10899723,95904272,5544 østervangsvej allinge syddanmark 72707
mr enrique brewer,heavywolf560,enrique.brewer@example.com,081-445-2504,777104132,1252 church street newcastle west arkansas 28056
ms debbie may,whiteostrich342,debbie.may@example.com,081-579-9760,1312176369,6443 springfield road edenderry maryland 46598
mr lino lucas,blackrabbit457,lino.lucas@example.com,06-50-42-33-52,256054802,8563 rue cyrus-hugues nantes lot 66206
mr efe aydan,ticklishlion559,efe.aydan@example.com,(360)-024-6328,748234079,7690 maçka cd artvin kırıkkale 23645
mr charlie palmer,lazyladybug983,charlie.palmer@example.com,081-156-7483,853460249,9902 south street portmarnock utah 47846
mr stefan siebert,crazycat938,stefan.siebert@example.com,0175-8081099,995242988,9925 römerstraße kleve saarland 93927
mr arnold allen,bluesnake886,arnold.allen@example.com,081-841-6903,985093723,1921 dame street lusk arizona 61214
mr benedikt hein,goldenelephant510,benedikt.hein@example.com,0170-2625830,233934049,5245 kirchstraße börde hessen 99021
mr deolindo vieira,bigsnake641,deolindo.vieira@example.com,(93) 2134-8962,1116215145,6274 rua santa maria  varginha rondônia 78801
miss oona latvala,purplelion119,oona.latvala@example.com,049-372-50-45,727804593,1534 tahmelantie vimpeli central ostrobothnia 18173
miss marjorie steward,brownlion891,marjorie.steward@example.com,0446-772-290,1101314938,8735 bruce st traralgon south australia 8028
mr druso nascimento,whitefish483,druso.nascimento@example.com,(05) 2501-9070,845185612,5811 rua boa vista  vespasiano rio grande do norte 74588
miss pearl wilson,goldenbear204,pearl.wilson@example.com,(467)-185-1554,429862737,4959 mcgowen st moreno valley new hampshire 99959
miss emine barentsen,bigtiger174,emine.barentsen@example.com,(131)-731-5524,1396240428,6421 twijnstraat boxmeer noord-brabant 65708
mr morgan riviere,lazymouse110,morgan.riviere@example.com,06-11-81-82-31,333237167,3416 avenue jean-jaurès amiens lot 18405
mr james lévesque,bigelephant213,james.lévesque@example.com,294-215-3722,808069609,5000 cedar st shelbourne yukon 95160
mr terrence king,organickoala820,terrence.king@example.com,0446-337-253,971665235,7435 first street australian capital territory south australia 9658
miss amy miller,bluebear787,amy.miller@example.com,567-629-4636,487837819,2206 grand marais ave st. antoine saskatchewan 83344
mr valtteri pulkkinen,brownfish540,valtteri.pulkkinen@example.com,041-829-79-61,9608479,6489 hermiankatu parikkala northern savonia 77761
miss sharon jimenez,whitegoose193,sharon.jimenez@example.com,0714-691-465,941314384,1804 highfield road peterborough tyne and wear D2 0DW
mrs annika schulte,lazysnake906,annika.schulte@example.com,0175-0109961,1305832059,2881 rosenweg berchtesgadener land hamburg 16554
madame stella guillot,brownduck250,stella.guillot@example.com,(385)-232-9840,267531490,7239 rue du 8 mai 1945 bottens fribourg 1847
miss باران پارسا,purpleostrich818,باران.پارسا@example.com,0994-542-1811,828860373,3361 شهید ثانی نجف‌آباد اردبیل 84147
ms باران یاسمی,ticklishfrog180,باران.یاسمی@example.com,0908-264-0594,1095446730,3192 دکتر مفتح پاکدشت خوزستان 28471
mrs آنیتا كامياران,blueduck902,آنیتا.كامياران@example.com,0995-752-6408,452998355,2794 داودی قم آذربایجان شرقی 70713
miss selma andersen,bluedog190,selma.andersen@example.com,25728984,1123567,3004 gefionsvej nimtofte hovedstaden 42642
mr esat hamzaoğlu,heavygorilla341,esat.hamzaoğlu@example.com,(215)-408-5458,628284647,3347 doktorlar cd manisa yalova 21134
ms clotildes da rosa,bluegorilla991,clotildes.darosa@example.com,(65) 9912-7496,469970647,9375 rua santa rita  itabira mato grosso do sul 15517
mr marcus walker,redfrog556,marcus.walker@example.com,(690)-027-1079,1382119558,1177 atkinson avenue auckland hawke's bay 97532
mr marcus rasmussen,goldentiger886,marcus.rasmussen@example.com,22688318,616133025,3776 frilandsvej gjerlev syddanmark 36579
mr konrad siebert,tinytiger768,konrad.siebert@example.com,0176-8482149,563422602,1436 neue straße osterode am harz hessen 42560
mrs آرمیتا سلطانی نژاد,blueswan165,آرمیتا.سلطانینژاد@example.com,0904-946-2757,1282460030,5379 شیخ فضل الله نوری زنجان آذربایجان غربی 67937
monsieur aloïs moulin,silvergorilla196,aloïs.moulin@example.com,(334)-138-2260,787209800,6574 rue cyrus-hugues berolle genève 8691
mr anton christensen,heavytiger158,anton.christensen@example.com,80126212,328708095,3514 askevej fredeikssund nordjylland 75116
mr leo abraham,lazylion665,leo.abraham@example.com,122-307-5945,888702754,7975 park rd chatham prince edward island 72032
miss cindy perez,ticklishpanda180,cindy.perez@example.com,(039)-560-6844,1144299199,7068 washington ave victorville idaho 81301
mr malthe andersen,crazyfish482,malthe.andersen@example.com,12918640,722530420,1833 vestparken lemvig hovedstaden 88997
miss melissa fritz,purplefish635,melissa.fritz@example.com,0171-5413142,962839131,1676 wiesenweg schierbrok nordrhein-westfalen 86673
miss anna miller,orangemouse723,anna.miller@example.com,0757-774-062,1378090803,3577 chester road ely berkshire W9 1BP
mr theo bader,orangetiger943,theo.bader@example.com,0173-7423089,269358671,5774 gartenweg münster nordrhein-westfalen 55289
mrs sara johansen,tinywolf270,sara.johansen@example.com,52918686,1278082796,5292 nørregade noerre alslev nordjylland 76575
mrs stephanie lawson,greenelephant794,stephanie.lawson@example.com,081-904-6460,859981093,5788 woodlawn avenue tullow west virginia 44130
mr edgar shelton,tinyswan868,edgar.shelton@example.com,0467-658-105,125584897,4301 blossom hill rd warrnambool queensland 2629
mr edgar friedrich,purplebear225,edgar.friedrich@example.com,0174-6711492,286791690,4728 mittelstraße trier thüringen 99400
mrs alysha van de westelaken,brownelephant697,alysha.vande westelaken@example.com,(841)-927-0719,1087846170,1156 jan van scorelstraat zoetermeer drenthe 55138
mr léonard arnaud,smallleopard952,léonard.arnaud@example.com,06-29-05-29-92,459082668,4285 place de l'abbé-basset reims martinique 53720
ms julia cano,tinypanda172,julia.cano@example.com,614-327-163,641668663,9417 avenida de américa gijón castilla la mancha 98973
mr donald riley,browngoose143,donald.riley@example.com,(804)-650-8144,759024694,5828 first street dumas nevada 61505
mr justin harcourt,beautifulbutterfly981,justin.harcourt@example.com,645-852-4078,1364921405,2959 oak st kingston newfoundland and labrador 77259
ms femia pruijssers,greenswan233,femia.pruijssers@example.com,(328)-454-1571,725571465,5722 gansstraat ferwerderadiel gelderland 28606
ms andrea hernandez,redduck501,andrea.hernandez@example.com,649-994-475,1437798771,2906 avenida de andalucía zaragoza comunidad valenciana 18886
mr gilbert willis,bluebear261,gilbert.willis@example.com,(016)-019-8853,16157918,5488 avondale ave savannah pennsylvania 10763
mrs mia sanchez,whiteswan766,mia.sanchez@example.com,0729-610-908,324198991,7338 high street preston cleveland S16 2JE
mr peter bell,yellowladybug664,peter.bell@example.com,0745-196-827,792581498,3477 the green ely lancashire SL7I 5TX
mr guillermo saez,redduck278,guillermo.saez@example.com,686-658-217,724236927,3570 avenida de castilla mérida andalucía 14503
miss nella kangas,goldengorilla897,nella.kangas@example.com,044-023-32-46,9380570,7001 reijolankatu kiuruvesi kainuu 14639
mr gregory fleming,orangeswan718,gregory.fleming@example.com,(544)-797-0164,308238137,5890 oak ridge ln orange minnesota 96961
miss emma manni,tinymouse476,emma.manni@example.com,043-835-10-98,458580461,6046 otavalankatu geta satakunta 70518
miss ستایش یاسمی,silverostrich141,ستایش.یاسمی@example.com,0930-256-0917,1394744991,1897 هویزه بجنورد لرستان 21321
miss rita rezende,yellowlion723,rita.rezende@example.com,(42) 6069-0555,471574545,2994 travessa dos martírios imperatriz rio de janeiro 67765
mr alexis faure,orangepeacock394,alexis.faure@example.com,06-45-22-40-00,1280205185,6017 rue dumenge nancy eure 72898
mr darius conrad,smallgorilla954,darius.conrad@example.com,0171-7784156,12452416,7054 gartenweg osterode am harz bayern 69450
mrs alma thomsen,tinyfish204,alma.thomsen@example.com,85041366,1268379241,6432 nøddelunden juelsminde midtjylland 70289
mr volkan tazegül,beautifuldog103,volkan.tazegül@example.com,(320)-301-1432,793083126,4062 bağdat cd şanlıurfa şanlıurfa 94658
mr leo pierce,blackfish735,leo.pierce@example.com,0737-232-385,997995013,3711 mill lane southampton northumberland P90 8GG
ms tammy bowman,orangeduck243,tammy.bowman@example.com,081-064-2923,833377307,1134 high street carrigaline missouri 50779
miss charlotte lee,lazytiger506,charlotte.lee@example.com,(290)-731-9178,1074941562,7390 main street gisborne wellington 13296
mrs karen stanley,heavyrabbit592,karen.stanley@example.com,081-988-5646,1114669499,7483 dublin road loughrea illinois 46508
ms sheryl carr,redbear154,sheryl.carr@example.com,0731-134-689,117923501,8570 queens road aberdeen county armagh OM3F 9YU
mr miguel sanz,silverfrog877,miguel.sanz@example.com,636-912-353,450524670,1543 calle de argumosa valladolid comunidad de madrid 87843
mrs cassandre leroux,bigwolf469,cassandre.leroux@example.com,06-09-96-38-18,569521519,4917 rue duguesclin versailles territoire de belfort 59655
mr benjamin beck,ticklishrabbit361,benjamin.beck@example.com,0459-316-814,113060175,426 central st sunshine coast tasmania 6859
mademoiselle emeline charles,heavyfish951,emeline.charles@example.com,(311)-279-7621,22755420,9655 rue paul-duvivier romanel-sur-lausanne aargau 7949
ms alizee leroux,brownmeercat168,alizee.leroux@example.com,06-89-25-69-04,674256103,3379 avenue debrousse reims vienne 88218
mrs nicole curtis,goldenbutterfly133,nicole.curtis@example.com,081-784-8292,1154981509,9640 denny street carrick-on-suir missouri 83944
mrs becky holmes,heavypeacock278,becky.holmes@example.com,081-326-3849,595606721,4266 cork street newbridge alaska 32017
mr mathew richards,blackpeacock624,mathew.richards@example.com,0457-239-253,988778909,4290 lovers ln sunshine coast australian capital territory 6869
mr james warren,ticklishbird503,james.warren@example.com,0789-598-522,524471247,4605 st. john’s road dundee south yorkshire LL99 9QJ
mr kasper klessens,silverlion762,kasper.klessens@example.com,(958)-321-7397,1340386309,5521 servaasbolwerk hendrik-ido-ambacht flevoland 68192
ms mia li,organicrabbit832,mia.li@example.com,168-828-2650,324722401,7013 36th ave deer lake yukon 91402
mr mustafa hamzaoğlu,whitegoose675,mustafa.hamzaoğlu@example.com,(645)-838-2501,364873588,8151 necatibey cd muş afyonkarahisar 59197
